이름,랭킹,이름수
서연,1,36825
서윤,2,36327
지우,3,31748
서현,4,29362
하은,5,28685
하윤,6,28645
민서,7,28024
지유,8,24231
윤서,9,23761
지민,10,22707
채원,11,22365
수아,12,22011
지아,13,20919
지윤,14,20904
은서,15,20830
다은,16,20575
예은,17,19516
수빈,18,18544
지안,19,18473
소율,20,18388
예린,21,17679
예원,22,17400
하린,23,17387
지원,24,17077
소윤,25,16758
서아,26,16658
시은,27,15372
유나,28,15323
유진,29,15259
채은,30,14826
윤아,31,14403
가은,32,14238
서영,33,13902
민지,34,13686
예진,35,13514
예나,36,13259
수민,37,13176
수연,38,12900
연우,39,12813
시아,40,12616
아린,41,12551
예서,42,12437
주아,43,12304
하율,44,11912
시연,45,11820
연서,46,11610
다인,47,11451
서우,48,11234
유주,49,11156
다연,50,11038
아인,51,10971
현서,52,10856
아윤,53,10829
서은,54,10759
채윤,55,10342
하연,56,10287
서율,57,10280
서진,58,10247
유빈,59,10166
나윤,60,10159
지율,61,10139
나은,62,10112
수현,63,9988
예지,64,9809
다현,65,9722
서하,66,9469
소은,67,9056
나연,68,9024
지은,69,9003
민주,70,8936
사랑,71,8833
시현,72,8747
예빈,73,8714
윤지,74,8682
지현,75,8564
소연,76,8524
채아,77,8397
혜원,78,8137
지수,79,8108
은채,80,8106
주하,81,8050
승아,82,7800
다윤,83,7558
소민,84,7502
서희,85,7402
나현,86,7365
채린,87,7362
민아,88,7355
하영,89,7288
세아,90,7257
세은,91,7214
도연,92,7112
규리,93,7091
아영,94,7075
다온,95,6839
가윤,96,6679
지연,97,6670
예림,98,6626
태희,99,6460
민채,100,6444
주은,101,6408
시윤,102,6347
유정,103,6318
연아,104,6258
소현,105,6179
아현,106,6167
보민,107,6159
민정,108,6148
수진,109,6015
현지,110,6014
민경,111,5928
정원,112,5889
나경,113,5871
가현,114,5835
세연,115,5686
은지,116,5657
윤하,117,5649
가연,118,5648
지효,119,5624
가온,120,5482
라희,121,5377
예슬,122,5317
채연,123,5283
한별,124,5247
현아,125,5179
하늘,126,5096
소희,127,5070
유하,128,4967
효주,129,4950
유림,130,4949
채민,131,4835
은솔,132,4832
봄,133,4823
소이,134,4734
가영,135,4724
주연,135,4724
예주,137,4714
유리,138,4624
리아,139,4593
혜린,140,4589
하진,141,4585
다희,142,4571
하랑,143,4521
설아,144,4461
하나,145,4450
태연,146,4444
윤슬,147,4441
은우,148,4413
하람,149,4403
다혜,150,4395
다솜,151,4370
혜인,152,4359
지혜,153,4348
유민,154,4342
재인,155,4329
승연,156,4311
다빈,157,4282
재이,158,4266
수인,159,4265
이서,160,4239
지영,161,4229
수정,162,4188
시온,163,4138
은유,164,4127
채영,165,4116
주원,166,4086
고은,167,4038
태린,168,4034
태은,169,3992
지후,170,3972
아라,171,3912
나영,172,3846
민하,172,3846
수지,174,3844
소영,175,3830
단아,176,3730
은별,177,3727
서인,178,3702
보경,179,3664
다영,180,3651
주희,181,3615
가빈,182,3611
채현,183,3608
정민,184,3560
예솔,185,3528
시우,186,3455
효린,187,3451
지온,188,3441
정윤,189,3397
소정,190,3384
라온,191,3381
은재,192,3376
세빈,193,3369
채이,194,3353
한나,195,3348
연재,196,3338
서빈,197,3324
예담,198,3305
슬아,199,3277
아진,200,3267
해인,201,3261
해인,201,3261
아연,202,3254
아연,202,3254
도희,203,3229
도희,203,3229
연주,204,3225
연주,204,3225
보미,205,3222
보미,205,3222
예인,206,3197
예인,206,3197
지호,207,3189
지호,207,3189
나율,208,3188
나율,208,3188
서정,209,3178
서정,209,3178
다원,210,3172
다원,210,3172
하음,211,3143
하음,211,3143
정연,212,3135
정연,212,3135
별,213,3125
별,213,3125
은빈,214,3121
은빈,214,3121
다율,215,3114
다율,215,3114
서원,216,3070
서원,216,3070
율,217,3063
율,217,3063
세인,218,3062
세인,218,3062
효은,219,3061
효은,219,3061
연지,220,3040
연지,220,3040
준희,221,3031
준희,221,3031
재희,222,3029
재희,222,3029
지인,223,3000
채희,223,3000
채희,223,3000
지인,223,3000
도은,225,2998
도은,225,2998
은비,226,2953
은비,226,2953
다경,227,2951
다경,227,2951
리원,228,2926
리원,228,2926
채빈,229,2913
채빈,229,2913
소미,230,2905
소미,230,2905
희원,231,2900
희원,231,2900
가인,232,2880
가인,232,2880
윤주,233,2851
윤주,233,2851
유은,234,2832
유은,234,2832
혜민,235,2812
혜민,235,2812
미소,236,2808
미소,236,2808
로아,237,2799
로아,237,2799
루아,238,2788
루아,238,2788
솔,239,2775
솔,239,2775
은수,240,2717
은수,240,2717
혜진,241,2712
혜진,241,2712
은율,242,2701
은율,242,2701
세린,243,2697
세린,243,2697
리안,244,2672
리안,244,2672
이안,245,2666
이안,245,2666
은혜,246,2644
은혜,246,2644
연수,247,2636
연수,247,2636
재은,248,2615
재은,248,2615
하민,249,2610
설,249,2610
설,249,2610
하민,249,2610
아름,251,2607
아름,251,2607
유라,252,2604
유라,252,2604
효원,253,2600
효원,253,2600
라윤,254,2587
라윤,254,2587
현진,255,2573
현진,255,2573
유이,256,2554
유이,256,2554
민영,257,2545
민영,257,2545
이현,258,2529
이현,258,2529
선우,259,2527
선우,259,2527
단비,260,2515
혜빈,260,2515
혜빈,260,2515
단비,260,2515
하온,262,2489
하온,262,2489
정현,263,2482
정현,263,2482
혜윤,264,2475
혜윤,264,2475
온유,265,2466
온유,265,2466
윤,266,2444
윤,266,2444
세영,267,2426
세영,267,2426
정은,268,2420
정은,268,2420
제인,269,2400
제인,269,2400
여진,270,2387
여진,270,2387
채율,271,2386
채율,271,2386
가을,272,2361
가을,272,2361
민솔,273,2359
민솔,273,2359
윤진,274,2341
윤진,274,2341
태리,275,2338
태리,275,2338
라엘,276,2333
라엘,276,2333
은성,277,2329
은성,277,2329
세희,278,2318
세희,278,2318
유경,279,2298
유경,279,2298
여원,280,2297
여원,280,2297
현정,281,2296
현정,281,2296
서린,282,2289
서린,282,2289
가람,283,2285
가람,283,2285
주현,284,2279
주현,284,2279
윤채,285,2257
윤채,285,2257
소원,286,2244
소원,286,2244
나린,287,2239
진서,287,2239
나린,287,2239
진서,287,2239
은설,289,2235
은설,289,2235
현주,290,2231
현주,290,2231
도경,291,2215
도경,291,2215
하엘,292,2207
하엘,292,2207
연희,293,2205
연희,293,2205
해나,294,2200
해나,294,2200
혜림,295,2187
혜림,295,2187
효민,296,2186
효민,296,2186
진아,297,2110
진아,297,2110
다정,298,2099
다정,298,2099
주영,299,2065
가희,299,2065
주영,299,2065
가희,299,2065
제이,301,2063
제이,301,2063
소담,302,2055
소담,302,2055
혜리,303,2048
혜리,303,2048
라임,304,2047
라임,304,2047
하빈,305,2041
하빈,305,2041
규빈,306,2000
규빈,306,2000
지예,307,1994
지예,307,1994
지희,308,1983
지희,308,1983
수영,309,1978
수영,309,1978
효빈,310,1971
효빈,310,1971
희주,311,1969
희주,311,1969
다예,312,1946
다예,312,1946
시원,313,1944
시원,313,1944
아림,314,1940
아림,314,1940
리나,315,1935
리나,315,1935
려원,316,1892
려원,316,1892
승희,317,1866
승희,317,1866
은진,318,1858
은진,318,1858
가율,319,1830
가율,319,1830
시율,320,1823
시율,320,1823
하정,321,1807
하정,321,1807
혜주,322,1800
혜주,322,1800
시영,323,1794
시영,323,1794
윤희,324,1789
윤희,324,1789
효정,325,1785
다민,325,1785
효정,325,1785
다민,325,1785
하리,327,1781
하리,327,1781
이나,328,1754
이나,328,1754
이솔,329,1753
이솔,329,1753
선아,330,1746
선아,330,1746
나희,331,1741
나희,331,1741
해솔,332,1737
해솔,332,1737
은아,333,1731
은아,333,1731
희진,334,1730
희진,334,1730
효진,335,1726
효진,335,1726
정인,336,1718
정인,336,1718
하경,337,1712
하경,337,1712
성은,338,1711
윤정,338,1711
윤정,338,1711
성은,338,1711
승현,340,1708
승현,340,1708
규린,341,1701
규린,341,1701
윤솔,342,1665
윤솔,342,1665
영은,343,1661
새봄,343,1661
영은,343,1661
새봄,343,1661
유안,345,1629
유안,345,1629
지오,346,1625
지오,346,1625
송현,347,1621
송현,347,1621
해린,348,1618
해린,348,1618
재아,349,1617
재아,349,1617
소유,350,1605
소유,350,1605
은영,351,1603
은영,351,1603
선유,352,1600
선유,352,1600
영서,353,1593
영서,353,1593
인서,354,1586
인서,354,1586
보영,355,1579
보영,355,1579
아율,356,1558
아율,356,1558
서이,357,1553
서이,357,1553
규림,358,1548
규림,358,1548
태이,359,1535
태이,359,1535
민선,360,1530
민선,360,1530
은하,361,1524
은하,361,1524
민희,362,1519
민희,362,1519
아정,363,1514
아정,363,1514
하임,364,1510
하임,364,1510
세현,365,1506
세현,365,1506
우리,366,1503
우리,366,1503
도윤,367,1490
도윤,367,1490
도아,368,1485
도아,368,1485
아란,369,1480
아란,369,1480
승주,370,1477
승주,370,1477
혜나,371,1476
혜나,371,1476
효림,372,1446
효림,372,1446
별하,373,1441
별하,373,1441
가원,374,1416
가원,374,1416
선영,375,1415
선영,375,1415
하늬,376,1404
하늬,376,1404
수린,377,1403
수린,377,1403
예온,378,1389
예온,378,1389
예리,379,1386
예리,379,1386
시하,380,1384
시하,380,1384
담희,381,1369
담희,381,1369
도영,382,1342
도영,382,1342
희수,383,1327
희수,383,1327
다솔,384,1325
정아,384,1325
정아,384,1325
다솔,384,1325
루리,386,1315
루리,386,1315
선율,387,1312
선율,387,1312
희연,388,1310
희연,388,1310
라은,389,1301
라은,389,1301
한비,390,1289
한비,390,1289
은정,391,1278
은정,391,1278
희서,392,1276
희서,392,1276
송연,393,1274
송연,393,1274
해원,394,1269
해원,394,1269
예람,395,1267
예람,395,1267
이수,396,1265
시안,396,1265
이수,396,1265
시안,396,1265
서경,398,1256
서경,398,1256
혜연,399,1247
혜연,399,1247
라율,400,1240
라율,400,1240
은,401,1228
하원,401,1228
리하,401,1228
리하,401,1228
은,401,1228
하원,401,1228
지나,404,1221
지나,404,1221
다해,405,1220
다해,405,1220
유미,406,1219
유미,406,1219
린,407,1214
린,407,1214
유현,408,1213
유현,408,1213
아람,409,1212
예랑,409,1212
예랑,409,1212
아람,409,1212
은주,411,1206
은주,411,1206
하루,412,1198
윤영,412,1198
윤영,412,1198
하루,412,1198
빛나,414,1195
빛나,414,1195
여은,415,1192
여은,415,1192
우주,416,1184
우주,416,1184
세령,417,1166
세령,417,1166
경민,418,1147
경민,418,1147
하라,419,1146
하라,419,1146
세진,420,1140
세진,420,1140
예령,421,1138
예령,421,1138
예영,422,1121
예영,422,1121
예윤,423,1119
혜정,423,1119
혜정,423,1119
예윤,423,1119
진,425,1110
진,425,1110
수안,426,1102
수안,426,1102
로하,427,1098
로하,427,1098
진희,428,1084
진희,428,1084
초아,429,1077
초아,429,1077
나예,430,1076
나예,430,1076
수하,431,1072
수하,431,1072
수경,432,1065
수경,432,1065
누리,433,1061
누리,433,1061
아리,434,1058
아리,434,1058
진주,435,1055
진주,435,1055
인아,436,1054
인아,436,1054
태경,437,1051
태경,437,1051
민진,438,1049
민진,438,1049
나원,439,1033
나원,439,1033
윤설,440,1030
윤설,440,1030
민,441,1023
민,441,1023
보현,442,1019
보현,442,1019
인영,443,1017
인영,443,1017
이레,444,1016
이레,444,1016
하선,445,1013
하선,445,1013
성연,446,1010
성연,446,1010
승은,447,1003
승은,447,1003
태인,448,995
태인,448,995
정빈,449,994
정빈,449,994
예현,450,990
예현,450,990
다미,451,988
다미,451,988
경은,452,980
경은,452,980
연진,453,966
연진,453,966
유담,454,962
유담,454,962
해윤,455,959
해윤,455,959
나래,456,958
나래,456,958
희정,457,953
희정,457,953
소예,458,950
소예,458,950
규원,459,946
규원,459,946
가민,460,932
가민,460,932
한솔,461,931
한솔,461,931
서안,462,919
서안,462,919
여울,463,907
여울,463,907
세하,464,898
세하,464,898
여름,465,894
희윤,465,894
여름,465,894
희윤,465,894
도이,467,892
다겸,467,892
도이,467,892
다겸,467,892
율아,469,891
율아,469,891
채하,470,889
채하,470,889
규민,471,888
규민,471,888
로희,472,886
로희,472,886
이진,473,880
이진,473,880
세나,474,879
세나,474,879
아민,475,878
아민,475,878
서유,476,871
서유,476,871
나라,477,865
나라,477,865
혜은,478,863
혜은,478,863
시유,479,860
시유,479,860
재연,480,856
재연,480,856
세윤,481,855
세윤,481,855
지선,482,853
지선,482,853
세라,483,852
세라,483,852
하이,484,849
하이,484,849
해리,485,843
해리,485,843
슬,486,838
슬,486,838
안나,487,834
안나,487,834
채령,488,832
채령,488,832
혜영,489,828
혜영,489,828
재윤,490,824
재윤,490,824
미나,491,823
미나,491,823
루다,492,822
루다,492,822
현,493,807
현,493,807
태림,494,801
주혜,494,801
주혜,494,801
태림,494,801
루나,496,798
루나,496,798
연후,497,796
민설,497,796
연후,497,796
민설,497,796
린아,499,793
린아,499,793
혜령,500,785
혜령,500,785
보윤,501,783
진영,502,774
에스더,503,773
초은,504,762
슬기,505,758
세림,506,757
유희,507,756
보람,507,756
예봄,509,753
성아,510,750
기쁨,511,747
채림,512,743
시언,513,742
송이,514,740
다나,514,740
미주,516,739
윤경,516,739
로운,518,734
은송,519,733
보라,520,730
지애,521,727
설하,522,720
승하,523,719
사라,524,715
리우,524,715
도현,526,714
현경,527,704
설희,528,701
영주,529,699
민재,530,696
로은,531,692
효인,532,688
주빈,533,687
보빈,534,685
예승,535,676
소망,535,676
주이,537,670
세민,538,667
예음,539,662
아랑,540,660
나혜,541,659
라원,542,658
은결,542,658
이은,544,657
샛별,545,653
혜지,546,652
소진,547,651
예하,547,651
민유,549,648
한결,550,644
태영,551,642
서후,552,639
하림,553,637
은경,553,637
연두,555,636
선민,556,630
보연,557,625
율희,558,622
유솔,559,621
은희,560,619
연정,561,618
제니,562,615
규연,563,613
율하,564,610
세이,564,610
라현,566,609
은호,567,607
고운,568,606
예안,568,606
희선,570,598
은교,571,595
보은,571,595
율리,573,593
세정,574,592
가령,575,591
재원,576,589
호연,577,587
송희,578,586
나림,579,584
영채,580,580
제나,581,578
지언,581,578
희은,583,570
승민,584,569
시호,584,569
채안,586,564
예율,586,564
서온,588,563
현희,589,562
민교,590,558
지빈,591,557
재영,592,555
선하,593,554
하현,593,554
효리,595,552
주윤,595,552
도담,597,547
재경,597,547
강희,599,540
세경,600,539
예설,600,539
